{
  "timestamp": "2025-11-16T18:07:05.588271",
  "tests": {
    "no_stale": {
      "iterations": 10,
      "successful": 10,
      "errors": 0,
      "error_list": [],
      "durations_ms": [
        6.463527679443359,
        1.5833377838134766,
        1.5718936920166016,
        1.325845718383789,
        1.2767314910888672,
        1.2445449829101562,
        1.3265609741210938,
        1.1942386627197266,
        1.2950897216796875,
        1.331329345703125
      ],
      "mean_ms": 1.8613100051879883,
      "median_ms": 1.3262033462524414,
      "min_ms": 1.1942386627197266,
      "max_ms": 6.463527679443359,
      "p95_ms": 6.463527679443359,
      "p99_ms": 6.463527679443359
    },
    "with_stale": {
      "iterations": 10,
      "successful": 10,
      "errors": 0,
      "error_list": [],
      "durations_ms": [
        3.3712387084960938,
        1.535177230834961,
        1.5294551849365234,
        1.4271736145019531,
        1.3608932495117188,
        1.4176368713378906,
        1.4462471008300781,
        1.4004707336425781,
        1.2552738189697266,
        1.4319419860839844
      ],
      "mean_ms": 1.6175508499145508,
      "median_ms": 1.4295578002929688,
      "min_ms": 1.2552738189697266,
      "max_ms": 3.3712387084960938,
      "p95_ms": 3.3712387084960938,
      "p99_ms": 3.3712387084960938,
      "stale_ages": [
        0,
        0,
        0,
        0,
        0,
        0,
        0,
        0,
        0,
        0
      ],
      "mean_age": 0,
      "max_age": 0
    },
    "offline_simulation": {
      "no_stale": {
        "success": false,
        "duration_ms": 5004.131555557251,
        "error": ""
      },
      "with_stale": {
        "success": false,
        "duration_ms": 5002.319812774658,
        "error": ""
      }
    },
    "consul_manager_methods": {
      "get_service_names": {
        "mean_ms": 16.90375804901123,
        "median_ms": 17.1661376953125,
        "min_ms": 15.922307968139648,
        "max_ms": 17.701148986816406,
        "p95_ms": 17.701148986816406,
        "count": 4
      }
    }
  },
  "comparison": {
    "mean_improvement_pct": 13.1,
    "median_improvement_pct": -7.79,
    "p95_improvement_pct": 47.84,
    "p99_improvement_pct": 47.84,
    "faster": "with_stale",
    "more_reliable": "no_stale",
    "no_stale_error_rate_pct": 0.0,
    "with_stale_error_rate_pct": 0.0
  }
}