{
  "timestamp": "2025-11-16T17:59:40.211837",
  "tests": {
    "no_stale": {
      "iterations": 10,
      "successful": 10,
      "errors": 0,
      "error_list": [],
      "durations_ms": [
        6.5155029296875,
        1.5757083892822266,
        1.5473365783691406,
        1.3768672943115234,
        1.4033317565917969,
        1.7039775848388672,
        1.5630722045898438,
        1.5568733215332031,
        1.485586166381836,
        1.409292221069336
      ],
      "mean_ms": 2.0137548446655273,
      "median_ms": 1.5521049499511719,
      "min_ms": 1.3768672943115234,
      "max_ms": 6.5155029296875,
      "p95_ms": 6.5155029296875,
      "p99_ms": 6.5155029296875
    },
    "with_stale": {
      "iterations": 10,
      "successful": 10,
      "errors": 0,
      "error_list": [],
      "durations_ms": [
        3.1425952911376953,
        1.5411376953125,
        1.5902519226074219,
        1.3813972473144531,
        1.348733901977539,
        1.4328956604003906,
        1.3625621795654297,
        1.4758110046386719,
        1.3818740844726562,
        1.2607574462890625
      ],
      "mean_ms": 1.591801643371582,
      "median_ms": 1.4073848724365234,
      "min_ms": 1.2607574462890625,
      "max_ms": 3.1425952911376953,
      "p95_ms": 3.1425952911376953,
      "p99_ms": 3.1425952911376953,
      "stale_ages": [
        0,
        0,
        0,
        0,
        0,
        0,
        0,
        0,
        0,
        0
      ],
      "mean_age": 0,
      "max_age": 0
    },
    "offline_simulation": {
      "no_stale": {
        "success": false,
        "duration_ms": 5002.65645980835,
        "error": ""
      },
      "with_stale": {
        "success": false,
        "duration_ms": 5002.557277679443,
        "error": ""
      }
    },
    "consul_manager_methods": {
      "get_service_names": {
        "mean_ms": 17.5811767578125,
        "median_ms": 17.673134803771973,
        "min_ms": 16.412019729614258,
        "max_ms": 19.107580184936523,
        "p95_ms": 19.107580184936523,
        "count": 4
      }
    }
  },
  "comparison": {
    "mean_improvement_pct": 20.95,
    "median_improvement_pct": 9.32,
    "p95_improvement_pct": 51.77,
    "p99_improvement_pct": 51.77,
    "faster": "with_stale",
    "more_reliable": "no_stale",
    "no_stale_error_rate_pct": 0.0,
    "with_stale_error_rate_pct": 0.0
  }
}